name,role,year,title
Laurence Fishburne,Morpheus,1999-03-31,The Matrix
Carrie-Anne Moss,Trinity,1999-03-31,The Matrix
Keanu Reeves,Neo,1999-03-31,The Matrix
Keanu Reeves,Neo,2003-05-07,The Matrix Reloaded
Laurence Fishburne,Morpheus,2003-05-07,The Matrix Reloaded
Carrie-Anne Moss,Trinity,2003-05-07,The Matrix Reloaded
Keanu Reeves,Neo,2003-10-27,The Matrix Revolutions
Laurence Fishburne,Morpheus,2003-10-27,The Matrix Revolutions
Carrie-Anne Moss,Trinity,2003-10-27,The Matrix Revolutions
Keanu Reeves,Wick,2014-05-11,John Wick
William Dafoe,Marcus,2014-05-11,John Wick
Michael Nyquist,Viggo,2014-05-11,John Wick
